groupname,overallocation,conflicts,undersupport,unwilling,unpreferred
randomna,49,3,0,28,3
randomna,47,2,1,29,4
randomna,48,2,1,27,4
randomna,49,2,0,18,10
randomna,50,1,0,23,5
randomna,45,5,0,29,0
randomna,50,1,1,22,3
randomna,46,3,1,24,3
randomna,50,1,2,21,3
randomna,41,3,1,30,2
randomna,49,1,0,21,6
randomna,46,2,2,23,3
randomna,43,5,1,27,0
randomna,49,1,2,20,4
randomna,67,2,7,0,0
randomna,44,2,2,25,3
randomna,40,3,1,28,3
randomna,65,2,8,0,0
randomna,64,3,8,0,0
randomna,43,2,3,24,3
randomna,44,2,6,20,2
randomna,44,3,0,22,5
randomna,49,1,2,17,5
randomna,40,4,1,21,8
randomna,49,1,3,15,6
randomna,43,2,3,22,4
randomna,62,4,8,0,0
randomna,43,2,2,23,4
randomna,49,1,2,16,6
randomna,41,4,2,20,6
randomna,43,2,3,20,5
randomna,43,2,1,22,5
randomna,41,2,7,20,2
randomna,39,4,2,20,7
randomna,42,4,2,19,5
randomna,39,4,2,18,9
randomna,43,5,2,20,1
randomna,41,2,5,18,4
randomna,38,3,2,19,8
randomna,41,4,1,23,1
randomna,42,4,2,20,2
randomna,38,3,3,18,8
randomna,41,4,3,19,3
randomna,40,5,3,17,5
randomna,39,4,5,20,2
randomna,41,2,6,18,3
randomna,39,4,4,21,2
randomna,38,3,3,19,7
randomna,38,4,3,19,6
randomna,38,4,6,20,2
randomna,40,4,2,17,7
randomna,42,2,7,15,4
randomna,40,4,3,20,3
randomna,40,4,2,16,8
randomna,40,5,1,19,4
randomna,40,3,6,18,2
randomna,41,5,2,21,0
randomna,68,1,0,0,0
randomna,38,3,4,16,8
randomna,41,5,3,20,0
randomna,40,5,4,15,5
randomna,41,2,8,13,4
randomna,40,3,3,21,1
randomna,39,5,4,14,6
randomna,40,3,2,22,1
randomna,40,3,2,23,0
randomna,39,2,7,16,4
randomna,39,2,6,17,4
randomna,27,5,7,28,0
randomna,33,6,7,18,3
randomna,38,3,5,16,5
randomna,34,2,6,24,1
randomna,39,3,4,16,5
randomna,34,5,4,19,4
randomna,33,5,6,18,4
randomna,36,2,5,20,3
randomna,36,4,4,17,5
randomna,37,4,1,22,2
randomna,36,3,7,18,2
randomna,35,5,4,18,4
randomna,34,5,4,17,5
randomna,34,4,4,20,3
randomna,36,2,4,22,1
randomna,37,4,6,13,4
randomna,37,4,5,13,5
randomna,37,4,7,12,4
randomna,33,4,7,16,4
randomna,37,3,4,17,3
randomna,36,3,7,14,4
randomna,31,3,6,22,1
randomna,25,2,8,26,1
randomna,49,2,11,0,0
randomna,14,3,1,40,4
randomna,25,2,9,26,0
randomna,33,4,3,22,0
randomna,36,4,5,14,3
randomna,25,2,6,28,1
randomna,51,1,10,0,0
randomna,25,2,9,24,1
randomna,26,5,6,20,4
randomna,48,3,10,0,0
randomna,18,4,2,34,3
randomna,21,3,6,24,6
randomna,18,1,0,36,5
randomna,28,4,8,19,1
randomna,18,4,3,32,3
randomna,13,3,1,38,5
randomna,27,2,7,23,1
randomna,14,4,0,35,7
randomna,14,2,0,37,7
randomna,18,1,0,34,7
randomna,26,4,6,21,3
randomna,29,4,9,13,5
randomna,27,2,8,21,1
randomna,24,2,10,21,2
randomna,16,1,1,36,5
randomna,22,3,10,24,0
randomna,24,2,11,20,2
randomna,24,2,9,22,2
randomna,12,3,4,39,1
randomna,24,2,8,23,2
randomna,24,2,11,19,3
randomna,12,4,1,37,5
randomna,21,4,11,22,0
randomna,14,2,0,33,9
randomna,25,2,13,12,6
randomna,27,3,9,14,5
randomna,13,3,2,37,3
randomna,14,4,3,36,1
randomna,14,2,0,34,8
randomna,16,0,1,37,4
randomna,15,1,1,38,3
randomna,14,3,0,36,5
randomna,13,4,4,36,1
randomna,14,1,3,37,3
randomna,15,2,1,37,2
randomna,26,2,10,14,5
randomna,21,2,11,22,1
randomna,26,3,11,14,3
randomna,16,2,1,37,1
randomna,26,3,11,15,2
randomna,25,2,12,13,5
randomna,21,2,12,21,1
randomna,24,2,13,13,5
randomna,16,2,2,36,1
randomna,16,2,1,36,2
randomna,15,2,2,37,1
randomna,19,5,9,15,8
randomna,14,1,5,35,1
randomna,11,1,7,35,2
randomna,26,3,10,12,5
randomna,14,2,4,35,1
randomna,25,2,9,17,3
randomna,15,0,2,35,4
randomna,13,4,1,32,6
randomna,13,0,4,37,2
randomna,24,2,14,10,6
randomna,42,1,13,0,0
randomna,25,2,9,18,2
randomna,14,5,1,25,11
randomna,15,1,0,32,8
randomna,21,1,8,24,2
randomna,26,2,8,17,3
randomna,11,1,6,34,3
randomna,13,0,5,35,2
randomna,19,4,9,16,7
randomna,19,4,8,16,8
randomna,14,0,2,31,8
randomna,10,4,5,35,1
randomna,26,2,8,15,4
randomna,13,2,3,34,3
randomna,19,5,8,16,7
randomna,19,5,8,17,6
randomna,16,1,2,28,7
randomna,12,2,1,31,8
randomna,23,2,12,15,2
randomna,25,2,10,16,1
randomna,16,1,1,30,6
randomna,12,2,1,32,7
randomna,38,1,15,0,0
randomna,11,2,3,36,2
randomna,13,1,6,34,0
randomna,36,2,16,0,0
randomna,18,3,14,16,3
randomna,19,6,8,14,7
randomna,25,2,26,0,0
randomna,34,3,16,0,0
randomna,12,3,0,29,9
randomna,14,1,1,30,7
randomna,18,2,10,20,3
randomna,19,3,7,23,1
randomna,14,1,2,27,9
randomna,19,3,9,20,2
randomna,18,5,10,13,7
randomna,12,0,6,31,4
randomna,23,3,27,0,0
randomna,18,2,12,18,3
randomna,12,2,4,32,2
randomna,11,2,5,31,3
randomna,12,0,2,29,9
randomna,13,1,3,30,5
randomna,27,1,24,0,0
randomna,13,1,6,30,2
randomna,11,2,2,33,4
randomna,11,2,5,32,2
randomna,14,1,4,30,3
randomna,9,1,5,31,6
randomna,18,2,13,18,1
randomna,14,0,5,30,3
randomna,12,0,2,28,10
randomna,12,2,3,23,11
randomna,11,0,5,30,5
randomna,12,1,6,28,4
randomna,12,2,6,28,3
randomna,12,1,5,28,5
randomna,9,2,5,30,5
randomna,13,0,6,29,3
randomna,9,0,6,31,5
randomna,11,0,2,33,5
randomna,8,1,6,30,6
randomna,12,2,4,30,3
randomna,11,2,1,26,10
randomna,11,2,4,28,5
randomna,10,0,3,27,10
randomna,11,2,2,25,10
randomna,10,3,3,29,5
randomna,11,1,2,30,6
randomna,13,1,4,27,5
randomna,11,1,3,28,6
randomna,10,0,3,32,4
randomna,10,0,3,31,5
randomna,11,2,5,26,5
randomna,10,1,3,29,6
randomna,11,1,2,24,11
randomna,10,0,3,28,8
randomna,11,1,4,29,4
randomna,11,1,4,27,6
randomna,10,0,3,29,7
randomna,10,1,4,29,5
randomna,13,0,4,24,7
randomna,11,1,5,25,6
randomna,12,0,6,18,12
randomna,6,0,7,28,7
randomna,12,0,7,28,1
randomna,11,1,36,0,0
randomna,12,2,4,26,4
randomna,11,0,3,25,9
randomna,4,0,12,27,4
randomna,8,0,12,26,1
randomna,8,0,4,28,7
randomna,6,1,6,27,7
randomna,5,1,7,27,7
randomna,11,2,7,18,9
randomna,11,0,10,14,12
randomna,11,0,7,18,11
randomna,5,0,11,25,6
randomna,7,2,16,11,10
randomna,9,0,6,25,6
randomna,12,0,7,15,12
randomna,10,0,11,13,12
randomna,9,1,6,25,5
randomna,7,0,7,21,10
randomna,7,0,7,24,7
randomna,5,0,12,23,5
randomna,10,3,7,21,4
randomna,10,3,8,20,4
randomna,10,1,8,18,7
randomna,5,2,37,0,0
randomna,7,0,12,23,2
randomna,10,1,9,17,7
randomna,7,1,7,26,3
randomna,10,1,7,23,3
randomna,10,1,7,19,7
randomna,6,0,9,19,10
randomna,8,0,9,24,3
randomna,7,0,7,25,5
randomna,10,1,7,21,5
randomna,5,2,10,22,5
randomna,5,1,11,21,6
randomna,9,1,7,22,5
randomna,8,3,10,15,8
randomna,9,2,7,22,4
randomna,10,1,9,20,4
randomna,8,2,10,15,9
randomna,8,3,10,13,10
randomna,9,1,8,21,5
randomna,10,1,8,22,3
randomna,7,0,11,24,2
randomna,6,1,37,0,0
randomna,10,1,8,20,5
randomna,8,2,9,15,10
randomna,6,0,9,23,6
randomna,9,1,9,18,7
randomna,7,2,8,22,5
randomna,6,2,15,17,3
randomna,7,2,15,12,7
randomna,2,1,18,21,1
randomna,0,0,43,0,0
randomna,7,1,16,17,2
randomna,8,0,12,21,2
randomna,7,2,14,13,7
randomna,6,0,15,19,3
randomna,5,0,14,19,5
randomna,7,1,8,25,2
randomna,5,0,15,22,1
randomna,6,1,9,24,3
randomna,3,0,16,20,4
randomna,4,0,16,18,5
randomna,8,0,6,22,7
randomna,7,0,9,21,6
randomna,5,1,16,12,9
randomna,3,0,16,19,5
randomna,3,0,17,21,2
randomna,9,0,5,22,7
randomna,2,1,19,20,1
randomna,7,0,8,24,4
randomna,5,0,14,24,0
randomna,8,0,11,21,3
randomna,7,1,10,20,5
randomna,8,0,8,21,6
randomna,8,2,10,17,6
randomna,10,2,8,18,5
randomna,6,0,10,25,2
randomna,3,0,16,22,2
randomna,7,1,9,24,2
randomna,5,1,17,11,9
randomna,7,2,8,23,3
randomna,9,0,6,20,8
randomna,9,0,4,21,9
randomna,7,0,10,20,6
randomna,8,0,8,23,4
randomna,2,1,18,20,2
randomna,7,2,13,15,6
randomna,8,0,7,22,6
randomna,4,0,11,17,11
randomna,7,2,14,12,8
randomna,6,1,16,17,3
randomna,8,0,7,21,7
randomna,7,0,10,21,5
randomna,3,0,16,21,3
randomna,7,2,15,14,5
randomna,8,1,6,18,10
randomna,11,1,7,20,4
randomna,7,2,7,24,3
randomna,8,0,12,20,3
randomna,6,0,9,24,4
randomna,5,1,10,24,2
randomna,9,2,9,17,5
randomna,4,0,17,19,2
randomna,5,2,16,16,3
randomna,4,1,12,15,10
randomna,7,0,12,18,5
randomna,8,2,11,15,6
randomna,5,0,17,17,3
randomna,4,0,15,19,4
randomna,6,3,14,14,5
randomna,3,0,17,19,3
randomna,4,0,17,18,3
randomna,6,0,16,18,2
randomna,1,0,18,21,2
randomna,7,2,12,14,7
randomna,8,0,10,22,2
randomna,2,0,15,20,5
randomna,6,2,12,13,9
randomna,6,1,9,22,4
randomna,7,1,7,21,6
randomna,8,2,12,14,6
randomna,3,0,14,22,3
randomna,8,0,5,21,8
randomna,6,1,9,21,5
randomna,6,1,12,15,8
randomna,2,0,15,18,7
randomna,7,0,13,20,2
randomna,2,0,15,19,6
randomna,8,0,5,19,9
randomna,4,1,17,12,7
randomna,4,0,13,22,2
randomna,5,1,15,13,7
randomna,5,1,15,14,6
randomna,8,1,10,18,4
randomna,8,0,8,17,8
randomna,5,0,13,15,8
randomna,6,0,11,20,4
randomna,3,0,16,15,7
randomna,2,0,16,17,6
randomna,5,1,14,14,7
randomna,7,0,8,19,7
randomna,5,1,13,15,7
randomna,7,1,12,17,4
randomna,6,1,12,18,4
randomna,8,0,9,16,8
randomna,4,0,12,16,9
randomna,7,0,13,18,3
randomna,5,0,12,14,9
randomna,5,0,15,15,5
randomna,3,0,22,12,3
randomna,4,0,22,10,4
randomna,4,1,17,15,3
randomna,3,0,24,9,4
randomna,5,1,17,13,4
randomna,1,0,22,11,6
randomna,4,1,11,22,2
randomna,5,0,15,16,4
randomna,5,0,14,15,6
randomna,3,0,23,10,4
randomna,5,1,16,14,4
randomna,4,1,16,15,4
randomna,3,1,22,12,2
randomna,3,0,24,8,5
randomna,6,1,13,16,4
randomna,3,1,21,11,3
randomna,3,0,18,12,6
randomna,3,0,20,13,3
randomna,3,0,18,16,2
randomna,3,0,18,15,3
randomna,2,0,17,16,4
randomna,3,0,17,13,6
randomna,3,1,20,13,2
randomna,1,0,21,12,5
randomna,1,0,20,17,1
randomna,3,0,20,12,4
randomna,3,0,19,11,6
randomna,3,1,18,15,2
randomna,2,0,21,14,2
randomna,4,0,18,13,4
randomna,4,1,13,13,8
randomna,3,0,19,13,4
randomna,6,0,11,16,6
randomna,2,0,24,11,2
randomna,3,1,19,14,2
randomna,3,0,19,12,5
randomna,1,0,20,15,2
randomna,3,0,20,10,5
randomna,5,0,10,16,7
randomna,3,0,21,13,1
randomna,1,0,20,14,3
randomna,1,0,19,16,2
randomna,3,1,20,9,5
randomna,1,0,21,13,3
randomna,1,0,20,13,4
