﻿ta_id,name,max_assigned,0,1,2,3,4,5,6,7,8,9,10,11,12,13,14,15,16
0,Agarwal S,1,U,U,U,U,W,P,U,W,P,W,U,U,U,U,U,U,U
1,Aggarwal M,0,U,U,U,U,U,U,U,U,U,U,U,U,U,U,U,U,U
2,Ahmed M,1,U,U,U,U,U,U,P,W,P,U,U,U,U,U,U,W,W
3,Arora A,3,U,U,U,U,W,W,U,U,U,U,U,U,W,W,P,U,U
4,Arora I,1,U,U,U,U,W,W,W,P,W,U,U,U,U,U,U,U,U
5,Bhamidipati M,1,W,U,U,U,W,W,U,U,U,U,U,U,W,W,W,U,U
6,Boehm S,1,U,U,U,U,W,W,W,W,W,U,U,U,P,P,P,P,W
7,Browne L,2,U,W,P,P,U,U,U,U,U,W,U,U,U,U,U,P,W
8,Cassway R,1,P,U,U,U,U,U,W,W,U,U,U,U,P,W,W,U,U
9,Chandra D,1,U,P,P,P,U,U,U,U,U,U,P,P,U,U,U,U,U
10,Chandrashekhar S,2,W,W,U,U,U,P,P,U,U,U,P,U,P,U,U,U,U
11,Chenthilkannan A,2,W,W,W,U,U,W,W,W,U,U,U,U,U,U,P,U,U
12,Duzgun Z,1,W,U,U,U,U,U,U,U,U,U,U,U,W,W,W,U,U
13,Gong J,2,U,U,U,U,U,U,U,P,U,U,U,U,W,W,W,P,P
14,He C,1,W,U,U,U,U,U,U,U,U,U,U,U,P,P,W,U,U
15,Hegde N,2,U,W,P,W,W,U,U,U,U,U,P,P,U,U,U,U,U
16,Hsiao A,1,P,U,U,U,U,P,U,U,U,U,U,U,P,U,P,U,U
17,Kedharnath S,1,U,U,U,U,P,W,U,U,U,U,U,U,U,U,U,U,U
18,Kota S,2,U,P,W,U,U,W,U,U,U,P,U,U,U,U,U,U,U
19,Kulik J,1,U,U,W,U,U,W,U,U,U,U,P,W,P,W,W,U,U
20,Kurra P,2,P,U,W,U,P,U,U,U,U,U,U,U,U,U,U,U,U
21,Lanman K,1,U,U,U,U,W,P,W,W,W,U,U,U,U,U,U,U,U
22,Levi Cc,2,P,U,U,U,P,W,U,U,U,W,U,U,P,W,W,U,U
23,Merkle S,1,U,U,U,U,U,U,W,W,W,U,U,U,W,U,U,P,P
24,Nidadavolu A,2,U,U,U,U,U,U,U,U,U,U,P,P,U,U,U,P,P
25,Noto S,1,P,U,U,U,U,U,W,P,W,U,U,U,P,P,P,W,W
26,Nukala S,2,U,P,W,W,W,W,W,W,W,P,U,U,U,U,U,U,U
27,Pogrebitskiy D,1,W,U,U,U,U,P,U,U,U,U,P,U,P,U,W,U,U
28,Ritcheson S,1,U,U,U,U,U,U,U,U,U,U,U,U,P,P,U,U,U
29,Rivera A,1,U,U,U,U,P,P,W,U,U,U,U,U,U,U,U,W,U
30,Senthil Kumaran C,1,W,W,P,P,W,W,U,U,U,U,P,W,P,W,W,P,P
31,Shah F,1,U,U,P,U,P,U,U,W,U,U,W,W,U,U,U,U,U
32,Shenoy P,1,W,W,P,W,P,P,U,U,U,U,P,P,W,W,U,U,U
33,Shiflett A,1,U,U,U,U,U,U,P,W,W,U,U,U,P,P,P,U,U
34,Shroff R,2,U,U,U,U,U,W,U,U,U,U,P,W,W,W,W,U,U
35,Sreepada S,1,U,U,U,U,U,U,W,W,W,U,U,U,U,U,U,U,U
36,Stochaj K,1,W,U,U,U,U,U,U,U,U,U,U,U,P,W,W,U,U
37,Sukhatankar S,1,W,P,W,U,U,U,U,U,U,U,W,W,W,U,U,U,U
38,Thakkar P,2,P,U,U,U,U,U,U,U,U,U,W,W,W,W,W,W,W
39,Tunney B,2,U,W,P,P,P,W,U,U,U,U,P,W,U,U,U,U,U
40,Waterson R,1,P,U,U,U,W,W,U,U,U,U,U,U,W,W,W,W,W
41,Weigel V,1,U,U,U,U,U,U,U,U,U,U,P,W,U,U,U,W,W
42,Yang R,0,U,U,U,U,U,U,U,U,U,U,U,U,U,U,U,U,U
